,RMSE,R2
Linear Regression,231987.98111209687,0.5355317655458792
Random Forest,206960.2596469441,0.6303429718755553
Gradient Boosting,199708.6047953772,0.6557938689645906
